"","M1_r2mf","M1_r2cu","M2_r2mf","M2_r2cu"
"1",0.138856033066914,0.227717520285931,0.181038208752882,0.252306097316705
